Movie Tittle,Year,Score,Consensus,Director,Cast
Running Scared,1986,60,"Running Scared struggles to strike a consistent balance between violent action and humor, but the chemistry between its well-matched leads keeps things entertaining.",Peter Hyams,"Gregory Hines, Billy Crystal, Jimmy Smits, Steven Bauer"
Equilibrium,2002,40,Equilibrium is a reheated mishmash of other sci-fi movies.,Kurt Wimmer,"Christian Bale, Emily Watson, Taye Diggs, Angus Macfadyen"
Hero,2004,95,"With death-defying action sequences and epic historic sweep, Hero offers everything a martial arts fan could ask for.",Zhang Yimou,"Jet Li, Tony Leung Chiu Wai, Maggie Cheung, Daoming Chen"
Road House,1989,39,Whether Road House is simply bad or so bad it's good depends largely on the audience's fondness for Swayze -- and tolerance for violently cheesy action.,Rowdy Herrington,"Patrick Swayze, Kelly Lynch, Sam Elliott, Ben Gazzara"
Unstoppable,2010,86,"As fast, loud, and relentless as the train at the center of the story, Unstoppable is perfect popcorn entertainment -- and director Tony Scott's best movie in years.",Tony Scott,"Denzel Washington, Chris Pine, Rosario Dawson, Ethan Suplee"
Shaft,1971,88,"This is the man that would risk his neck for his brother, man. Can you dig it?",Gordon Parks,"Richard Roundtree, Moses Gunn, Gwen Mitchell, Christopher St. John"
The Villainess (Ak-Nyeo),2017,84,The Villainess offers enough pure kinetic thrills to satisfy genre enthusiasts -- and carve out a bloody niche for itself in modern Korean action cinema.,Jung Byung-gil,"Ok-bin Kim, Kim Seo-hyeong, Shin Ha-kyun, Bang Sung-jun"
Highlander,1986,69,"People hate Highlander because it's cheesy, bombastic, and absurd. And people love it for the same reasons.",Russell Mulcahy,"Christopher Lambert, Sean Connery, Roxanne Hart, Clancy Brown"
Die Hard 2,1990,68,"It lacks the fresh thrills of its predecessor, but Die Hard 2 still works as an over-the-top -- and reasonably taut -- big-budget sequel, with plenty of set pieces to paper over the plot deficiencies.",Renny Harlin,"Bruce Willis, Bonnie Bedelia, William Atherton, Reginald VelJohnson"
National Treasure,2004,46,"National Treasure is no treasure, but it's a fun ride for those who can forgive its highly improbable plot.",Jon Turteltaub,"Nicolas Cage, Diane Kruger, Justin Bartha, Sean Bean"
The Protector (Tom yum goong) (Warrior King),2005,53,"Despite some impressive fight scenes, this trimmed-down version of the Thai action pic is an off-putting mix of scant plot, choppy editing, and confusing subtitles and dubbing.",Prachya Pinkaew,"Tony Jaa, Petchtai Wongkamlao, Bongkoj Khongmalai, Bongkoo Kongmalai"
Revenge,2018,92,"Revenge slices and dices genre tropes, working within an exploitation framework while adding a timely -- yet never less than viscerally thrilling -- feminist spin.",Coralie Fargeat,"Matilda Anna Ingrid Lutz, Kevin Janssens, Vincent Colombe, Guillaume Bouchède"
El Mariachi,1993,93,"Made on a shoestring budget, El Mariachi's story is not new. However, the movie has so much energy that it's thoroughly enjoyable.",Robert Rodriguez,"Carlos Gallardo, Consuelo Gómez, Reinol Martinez, Peter Marquardt"
A Touch of Zen,1969,96,"A brilliantly directed feast for the eyes with an epic story to match, A Touch of Zen marks a groundbreaking achievement in the wuxia genre.",King Hu,"Feng Hsu, Chun Shih, Pai Ying, Tien Peng"
Top Gun,1986,54,"Though it features some of the most memorable and electrifying aereial footage shot with an expert eye for action, Top Gun offers too little for non-adolescent viewers to chew on when its characters aren't in the air.",Tony Scott,"Tom Cruise, Kelly McGillis, Anthony Edwards, Val Kilmer"
Con Air,1997,55,"Con Air won't win any awards for believability - and all involved seem cheerfully aware of it, making some of this blockbuster action outing's biggest flaws fairly easy to forgive.",Simon West,"Nicolas Cage, John Cusack, John Malkovich, Steve Buscemi"
The Expendables 2,2012,68,"Taut, violent, and suitably self-deprecating, The Expendables 2 gives classic action fans everything they can reasonably expect from a star-studded shoot-'em-up -- for better and for worse.",Simon West,"Sylvester Stallone, Jason Statham, Jet Li, Dolph Lundgren"
The Mummy,1999,60,"It's difficult to make a persuasive argument for The Mummy as any kind of meaningful cinematic achievement, but it's undeniably fun to watch.",Stephen Sommers,"Brendan Fraser, Rachel Weisz, John Hannah, Arnold Vosloo"
Mr. & Mrs. Smith,2005,60,"Although this action-romance suffers from weak writing and one too many explosions, the chemistry generated by onscreen couple Pitt and Jolie is palpable enough to make this a thoroughly enjoyable summer action flick.",Doug Liman,"Brad Pitt, Angelina Jolie, Vince Vaughn, Adam Brody"
Rush Hour,1998,60,A kick-ass addition to the cop-buddy film genre.,Brett Ratner,"Jackie Chan, Chris Tucker, Elizabeth Peña, Tom Wilkinson"
The Equalizer,2014,59,"The Equalizer is more stylishly violent than meaningful, but with Antoine Fuqua behind the cameras and Denzel Washington dispensing justice, it delivers.",Antoine Fuqua,"Denzel Washington, Marton Csokas, Chloë Grace Moretz , David Harbour"
Captain America: Civil War,2016,91,Captain America: Civil War begins the next wave of Marvel movies with an action-packed superhero blockbuster boasting a decidedly non-cartoonish plot and the courage to explore thought-provoking themes.,Anthony Russo,"Chris Evans, Robert Downey Jr., Scarlett Johansson, Sebastian Stan"
Air Force One,1997,76,"This late-period Harrison Ford actioner is full of palpable, if not entirely seamless, thrills.",Wolfgang Petersen,"Gary Oldman, Harrison Ford, Glenn Close, Wendy Crewson"
Bloodsport,1988,40,"This is where it all began for the Muscles from Brussels, but beyond Van Damme's athleticism, Bloodsport is a cliched, virtually plotless exercise in action movie recycling.",Newt Arnold,"Jean-Claude Van Damme, Leah Ayres, Donald Gibb, Norman Burton"
Blade,1998,55,"Though some may find the plot a bit lacking, Blade's action is fierce, plentiful, and appropriately stylish for a comic book adaptation.",Stephen Norrington,"Wesley Snipes, Stephen Dorff, Kris Kristofferson, N'Bushe Wright"
Bad Boys,1995,43,"Bad Boys stars Will Smith and Martin Lawrence have enjoyable chemistry; unfortunately, director Michael Bay too often drowns it out with set pieces and explosions in place of an actual story.",Michael Bay,"Martin Lawrence, Will Smith, Téa Leoni, Tcheky Karyo"
Die Hard: With a Vengeance,1995,52,"Die Hard with a Vengeance benefits from Bruce Willis and Samuel L. Jackson's barbed interplay, but clatters to a bombastic finish in a vain effort to cover for an overall lack of fresh ideas.",John McTiernan,"Bruce Willis, Jeremy Irons, Samuel L. Jackson, Graham Greene (II)"
The Running Man,1987,63,The Running Man is winking sci-fi satire with ridiculous clothes and workmanlike direction.,Paul Michael Glaser,"Arnold Schwarzenegger, Maria Conchita Alonso, Yaphet Kotto, Richard Dawson"
Code of Silence,1985,63,No consensus yet.,Andrew Davis,"Chuck Norris, Henry Silva, Bert Remsen, Mike Genovese"
Shoot 'Em Up,2007,67,"As preposterous and over-the-top as Shoot 'Em Up may be, its humor and non-stop action make for a very enjoyable film.",Michael Davis,"Clive Owen, Paul Giamatti, Monica Bellucci, Stephen McHattie"
Crank,2006,61,"Crank's assaultive style and gleeful depravity may turn off casual action fans, but audiences seeking a strong dose of adrenaline will be thrilled by Jason Statham's raucous race against mortality.",Mark Neveldine,"Jason Statham, Amy Smart, Efren Ramirez, Jose Pablo Cantillo"
Machete,2010,72,"Machete is messy, violent, shallow, and tasteless -- and that's precisely the point of one of the summer's most cartoonishly enjoyable films.",Ethan Maniquis,"Danny Trejo, Robert De Niro, Jessica Alba, Cheech Marin"
Drive,2011,92,"With its hyper-stylized blend of violence, music, and striking imagery, Drive represents a fully realized vision of arthouse action.",Nicolas Winding Refn,"Ryan Gosling, Carey Mulligan, Albert Brooks, Bryan Cranston"
Batman,1989,71,"An eerie, haunting spectacle, Batman succeeds as dark entertainment, even if Jack Nicholson's Joker too often overshadows the title character.",Tim Burton,"Michael Keaton, Jack Nicholson, Kim Basinger, Robert Wuhl"
Under Siege,1992,79,"A well-directed action thriller that makes the most of its confined setting, Under Siege marks a high point for early '90s action -- and its star's spotty filmography.",Andrew Davis,"Steven Seagal, Tommy Lee Jones, Gary Busey, Erika Eleniak"
Independence Day,1996,65,"The plot is thin and so is character development, but as a thrilling, spectacle-filled summer movie, Independence Day delivers.",Roland Emmerich,"Will Smith, Bill Pullman, Jeff Goldblum, Mary McDonnell"
Bullitt,1968,97,Steve McQueen is cool as ice in this thrilling police procedural that also happens to contain arguably the greatest movie car chase ever.,Peter Yates,"Steve McQueen, Robert Vaughn, Jacqueline Bisset, Don Gordon"
Wanted,2008,71,"Wanted is stylish, energetic popcorn fare with witty performances from Angelina Jolie (playing an expert assassin), James McAvoy, and Morgan Freeman that help to distract from its absurdly over-the-top plot.",Timur Bekmambetov,"James McAvoy, Morgan Freeman, Angelina Jolie, Terence Stamp"
Superman,1978,94,"Superman deftly blends humor and gravitas, taking advantage of the perfectly cast Christopher Reeve to craft a loving, nostalgic tribute to an American pop culture icon.",Richard Donner,"Marlon Brando, Christopher Reeve, Gene Hackman, Ned Beatty"
Ronin,1998,67,"Ronin earns comparisons to The French Connection with strong action, dynamic road chase scenes, and solid performances.",John Frankenheimer,"Robert De Niro, Jean Reno, Natascha McElhone, Stellan Skarsgard"
They Live,1988,86,"A politically subversive blend of horror and sci fi, They Live is an underrated genre film from John Carpenter.",John Carpenter,"Roddy Piper, Keith David, Meg Foster, Peter Jason"
Cliffhanger,1993,68,"While it can't escape comparisons to the movies it borrows from, Cliffhanger is a tense, action-packed thriller and a showcase for the talents that made Sylvester Stallone a star.",,
Marvel's The Avengers,2012,92,"Thanks to a script that emphasizes its heroes' humanity and a wealth of superpowered set pieces, The Avengers lives up to its hype and raises the bar for Marvel at the movies.",,
Hot Fuzz,2007,91,The brilliant minds behind Shaun of the Dead successfully take a shot at the buddy cop genre with Hot Fuzz. The result is a bitingly satiric and hugely entertaining parody.,Edgar Wright,"Simon Pegg, Nick Frost, Jim Broadbent, Steve Coogan"
The Warriors,1979,89,"As violent as it is stylish, The Warriors is a thrilling piece of pulp filmmaking.",Walter Hill,"Michael Beck, James Remar, Thomas G. Waites, Dorsey Wright"
Starship Troopers,1997,64,A fun movie...if you can accept the excessive gore and wooden acting.,Paul Verhoeven,"Casper Van Dien, Dina Meyer, Denise Richards, Jake Busey"
Elite Squad: The Enemy Within,2011,93,"Elite Squad: The Enemy Within is a bleak, violent descent into the Brazilian underbelly, ripping into the favelas with unstoppable and kinetic force.",José Padilha,"Wagner Moura, André Mattos, Sandro Rocha, Maria Ribeiro"
Point Break,1991,69,"Absurd, over-the-top, and often wildly entertaining, Point Break is here to show you that the human spirit is still alive.",Kathryn Bigelow,"Keanu Reeves, Patrick Swayze, Gary Busey, Lori Petty"
The Long Kiss Goodnight,1996,69,"Smart, sharp-witted, and fueled by enjoyably over-the-top action, The Long Kiss Goodnight makes up in impact what it lacks in consistent aim.",Renny Harlin,"Geena Davis, Samuel L. Jackson, Patrick Malahide, Craig Bierko"
The Guest,2014,91,"Boasting enough intelligence to bolster its darkly violent thrills, The Guest offers another treat for genre fans from director Adam Wingard.",Adam Wingard,"Dan Stevens, Leland Orser, Lance Reddick, Sheila Kelley"
Taken,2009,58,"Taken is undeniably fun with slick action, but is largely a brainless exercise.",Pierre Morel,"Liam Neeson, Maggie Grace, Famke Janssen, Xander Berkeley"
300,2007,60,"A simple-minded but visually exciting experience, full of blood, violence, and ready-made movie quotes.",Zack Snyder,"Gerard Butler, Lena Headey, David Wenham, Rodrigo Santoro"
True Lies,1994,70,"If it doesn't reach the heights of director James Cameron's and star Arnold Schwarzenegger's previous collaborations, True Lies still packs enough action and humor into its sometimes absurd plot to entertain.",James Cameron,"Arnold Schwarzenegger, Jamie Lee Curtis, Tom Arnold, Bill Paxton"
Demolition Man,1993,59,"A better-than-average sci-fi shoot-em-up with a satirical undercurrent, Demolition Man is bolstered by strong performances by Sylvester Stallone, Wesley Snipes, and Sandra Bullock.",Marco Brambilla,"Sylvester Stallone, Wesley Snipes, Sandra Bullock, Nigel Hawthorne"
Hardcore Henry,2016,51,"Hardcore Henry seems poised to reinvent the action flick, but without a story or characters worth caring about, its first-person gimmick quickly loses its thrill.",Ilya Naishuller,"Sharlto Copley, Danila Kozlovsky, Haley Bennett, Tim Roth"
Police Story (Ging chaat goo si) (Police Force),1985,93,"Blending brilliant physical comedy with thrillingly choreographed set pieces, Police Story makes a persuasive case for Jackie Chan as one of the all-time genre greats.",Jackie Chan,"Jackie Chan, Brigitte Lin, Maggie Cheung, Cho Yuen"
Brotherhood of the Wolf,2001,73,"Brotherhood of the Wolf mixes its genres with little logic, but the end result is wildly entertaining.",Christophe Gans,"Samuel Le Bihan, Vincent Cassel, Émilie Dequenne, Monica Bellucci"
Kingsman: The Secret Service,2015,74,"Stylish, subversive, and above all fun, Kingsman: The Secret Service finds director Matthew Vaughn sending up the spy genre with gleeful abandon.",Matthew Vaughn,"Taron Egerton, Colin Firth, Mark Hamill, Samuel L. Jackson"
The Fifth Element,1997,71,"Visually inventive and gleefully over the top, Luc Besson's The Fifth Element is a fantastic piece of pop sci-fi that never takes itself too seriously.",Luc Besson,"Bruce Willis, Ian Holm, Gary Oldman, Chris Tucker"
Big Trouble in Little China,1986,77,"Brimming with energy and packed with humor, Big Trouble in Little China distills kung fu B-movies as affectionately as it subverts them.",John Carpenter,"Kurt Russell, Kim Cattrall, Dennis Dun, James Hong"
Atomic Blonde,2017,78,Atomic Blonde gets enough mileage out of its stylish action sequences -- and ever-magnetic star -- to make up for a narrative that's somewhat less hard-hitting than its protagonist.,David Leitch,"Charlize Theron, James McAvoy, John Goodman, Til Schweiger"
Rumble in the Bronx,1995,80,An entertaining Jackie Chan stunt-fest in which the impressive action sequences overcome the low production value and by-the-numbers plot.,Stanley Tong,"Jackie Chan, Anita Mui, Francoise Yip, Bill Tung"
District B13 (Banlieue 13),2006,80,"A nonstop thrill ride, District B13's dizzying action sequences more than make up for any expository flaws.",Pierre Morel,"Cyril Raffaelli, David Belle, Tony D'Amario, Bibi Naceri"
Beverly Hills Cop,1984,82,"The buddy cop movie continues its evolution unabated with this Eddie Murphy vehicle that's fast, furious, and funny.",Martin Brest,"Eddie Murphy, Judge Reinhold, John Ashton, Lisa Eilbacher"
Ong-Bak (Ong Bak: Muay Thai Warrior),2005,85,"While Ong-Bak: The Thai Warrior may be no great shakes as a movie, critics are hailing the emergence of a new star in Tony Jaa, whose athletic performance is drawing comparisons with Bruce Lee, Jackie Chan, and Jet Li.",Prachya Pinkaew,"Tony Jaa, Petchtai Wongkamlao, Petchthai Wongkamlao, Pumwaree Yodkamol"
Collateral,2004,86,"Driven by director Michael Mann's trademark visuals and a lean, villainous performance from Tom Cruise, Collateral is a stylish and compelling noir thriller.",Michael Mann,"Tom Cruise, Jamie Foxx, Mark Ruffalo, Jada Pinkett Smith"
Iron Monkey,2001,91,"Iron Monkey may not have the poetic lyricism of Crouching Tiger, it makes up for it in fun and energy.",Woo-ping Yuen,"Rongguang Yu, Donnie Yen, Jean Wang, Tsang Sze-Man"
Escape from New York,1981,86,"Featuring an atmospherically grimy futuristic metropolis, Escape from New York is a strange, entertaining jumble of thrilling action and oddball weirdness.",John Carpenter,"Kurt Russell, Lee Van Cleef, Ernest Borgnine, Donald Pleasence"
Battle Royale,2000,87,"Battle Royale is a controversial and violent parable of adolescence, heightening teenage melodrama with life-or-death stakes.",Kinji Fukasaku,"Aki Maeda, Ai Iwamura, Chiaki Kuriyama, Tatsuya Fujiwara"
Spider-Man 2,2004,93,"Boasting an entertaining villain and deeper emotional focus, this is a nimble sequel that improves upon the original.",Sam Raimi,"Tobey Maguire, Kirsten Dunst, James Franco, Alfred Molina"
13 Assassins,2011,95,"Takashi Miike's electric remake of Eiichi Kudo's 1963 period action film is a wild spectacle executed with killer, dizzying panache.",Takashi Miike,"Koji Yakusho, Takayuki Yamada, Yusuke Iseya, Goro Inagaki"
Full Contact,1992,88,No consensus yet.,Ringo Lam,"Yun-Fat Chow, Simon Yam, Ann Bridgewater, Anthony Wong"
Indiana Jones and the Last Crusade,1989,89,"Lighter and more comedic than its predecessor, Indiana Jones and the Last Crusade returns the series to the brisk serial adventure of Raiders, while adding a dynamite double act between Harrison Ford and Sean Connery.",Steven Spielberg,"Harrison Ford, Sean Connery, Alison Doody, Denholm Elliott"
Kung Fu Hustle,2005,90,"Kung Fu Hustle blends special effects, martial arts, and the Looney Toons to hilarious effect.",Stephen Chow,"Stephen Chow, Wah Yuen, Shengyi Huang, Kwok-Kwan Chan"
A Better Tomorrow,2010,93,No consensus yet.,Hae-sung Song,"Yun-Fat Chow, Leslie Cheung, Lung Ti, Young Pao I"
Iron Man,2008,94,"Powered by Robert Downey Jr.'s vibrant charm, Iron Man turbo-charges the superhero genre with a deft intelligence and infectious sense of fun.",,"Robert Downey Jr., Terrence Howard, Jeff Bridges, Gwyneth Paltrow"
The Night Comes For Us,2018,90,"A bloody thrill ride designed to test the limits of more squeamish viewers, The Night Comes for Us wields a stylishly violent, action-packed punch.",Timo Tjahjanto,"Joe Taslim, Iko Uwais, Julie Estelle, Sunny Pang"
Logan,2017,93,"Hugh Jackman makes the most of his final outing as Wolverine with a gritty, nuanced performance in a violent but surprisingly thoughtful superhero action film that defies genre conventions.",James Mangold,"Hugh Jackman, Patrick Stewart, Boyd Holbrook, Stephen Merchant"
Goldfinger,1964,98,"Goldfinger is where James Bond as we know him comes into focus - it features one of 007's most famous lines (""A martini. Shaken, not stirred"") and a wide range of gadgets that would become the series' trademark.",Guy Hamilton,"Sean Connery, Gert Fröbe, Honor Blackman, Shirley Eaton"
Assault on Precinct 13,1976,98,"Lean, taut and compellingly gritty, John Carpenter's loose update of Rio Bravo ranks as a cult action classic and one of the filmmaker's best.",John Carpenter,"Austin Stoker, Darwin Joston, Gilbert De la Pena, Laurie Zimmer"
Wonder Woman,2017,93,"Thrilling, earnest, and buoyed by Gal Gadot's charismatic performance, Wonder Woman succeeds in spectacular fashion.",Patty Jenkins,"Gal Gadot, Chris Pine, Connie Nielsen, Robin Wright"
Fist of Fury (Jing wu men),1972,92,No consensus yet.,Lo Wei,"Bruce Lee, Miao Ker Hsiu, James Tien, Robert Baker"
Captain America: The Winter Soldier,2014,90,"Suspenseful and politically astute, Captain America: The Winter Soldier is a superior entry in the Avengers canon and is sure to thrill Marvel diehards.",Joe Russo,"Chris Evans, Samuel L. Jackson, Scarlett Johansson, Anthony Mackie"
Oldboy,2005,82,"Violent and definitely not for the squeamish, Park Chan-Wook's visceral Oldboy is a strange, powerful tale of revenge.",Park Chan-wook,"Choi Min-sik, Gang Hye-jeong, Yoo Ji-tae, Gang Hye-jung"
The French Connection,1971,98,"Realistic, fast-paced and uncommonly smart, The French Connection is bolstered by stellar performances by Gene Hackman and Roy Scheider, not to mention William Friedkin's thrilling production.",William Friedkin,"Gene Hackman, Fernando Rey, Roy Scheider, Marcel Bozzuffi"
Furious 7,2015,81,"Serving up a fresh round of over-the-top thrills while adding unexpected dramatic heft, Furious 7 keeps the franchise moving in more ways than one.",James Wan,"Vin Diesel, Paul Walker, Jason Statham, Dwayne Johnson"
La Femme Nikita (Nikita),1990,88,A zany out-of-control thriller that gives lead Anne Parillaud a big character arc and plenty of emotional room to work within.,Luc Besson,"Tcheky Karyo, Anne Parillaud, Jeanne Moreau, Jean Reno"
Supercop,1996,96,"Blending hand-to-hand combat with breathtaking stunts and slapstick comedy, Supercop reminds us why Jackie Chan is one of the world's great entertainers.",Stanley Tong,"Jackie Chan, Maggie Cheung, Kenneth Tsang Kong, Wah Yuen"
Dirty Harry,1971,89,"As tough and taciturn as its no-nonsense hero, Dirty Harry delivers a deceptively layered message without sacrificing an ounce of its solid action impact.",Don Siegel,"Clint Eastwood, Andrew Robinson, Harry Guardino, John Mitchum"
Live Die Repeat: Edge of Tomorrow,2014,90,"Gripping, well-acted, funny, and clever, Edge of Tomorrow offers entertaining proof that Tom Cruise is still more than capable of shouldering the weight of a blockbuster action thriller.",Doug Liman,"Tom Cruise, Emily Blunt, Bill Paxton, Jonas Armstrong"
X2: X-Men United,2003,85,"Tightly scripted, solidly acted, and impressively ambitious, X2: X-Men United is bigger and better than its predecessor -- and a benchmark for comic sequels in general.",Bryan Singer,"Hugh Jackman, Ian McKellen, Halle Berry, Famke Janssen"
The Fugitive,1993,96,"Exhilarating and intense, this high-impact chase thriller is a model of taut and efficient formula filmmaking, and it features Harrison Ford at his frantic best.",Andrew Davis,"Harrison Ford, Tommy Lee Jones, Sela Ward, Julianne Moore"
Black Panther,2018,97,Black Panther elevates superhero cinema to thrilling new heights while telling one of the MCU's most absorbing stories -- and introducing some of its most fully realized characters.,Ryan Coogler,"Chadwick Boseman, Michael B. Jordan, Lupita Nyong'o, Danai Gurira"
Inception,2010,87,"Smart, innovative, and thrilling, Inception is that rare summer blockbuster that succeeds viscerally as well as intellectually.",Christopher Nolan,"Leonardo DiCaprio, Ken Watanabe, Joseph Gordon-Levitt, Marion Cotillard"
Braveheart,1995,77,"Distractingly violent and historically dodgy, Mel Gibson's Braveheart justifies its epic length by delivering enough sweeping action, drama, and romance to match its ambition.",Mel Gibson,"Mel Gibson, Sophie Marceau, Patrick McGoohan, Catherine McCormack"
Minority Report,2002,90,"Thought-provoking and visceral, Steven Spielberg successfully combines high concept ideas and high octane action in this fast and febrile sci-fi thriller.",Steven Spielberg,"Tom Cruise, Colin Farrell, Samantha Morton, Max von Sydow"
Avengers: Endgame,2019,94,"Exciting, entertaining, and emotionally impactful, Avengers: Endgame does whatever it takes to deliver a satisfying finale to Marvel's epic Infinity Saga.",Joe Russo,"Robert Downey Jr., Mark Ruffalo, Scarlett Johansson, Chris Evans"
Dredd,2012,79,"Fueled by bombastic violence and impressive special effects, rooted in self-satire and deadpan humor, Dredd 3D does a remarkable job of capturing its source material's gritty spirit.",Pete Travis,"Karl Urban, Olivia Thirlby, Wood Harris, Lena Headey"
The Bourne Identity,2002,83,"Expertly blending genre formula with bursts of unexpected wit, The Bourne Identity is an action thriller that delivers -- and then some.",Doug Liman,"Matt Damon, Franka Potente, Chris Cooper, Clive Owen"
Ip Man,2010,85,"At once beholden to the established conventions of the genre and delightfully subversive of them, Ip Man is one of the most exciting -- and refreshingly character-driven -- martial arts films in years.",Wilson Yip,"Donnie Yen, Hiroyuki Ikeuchi, Simon Yam, Xiong Dailin"
Face/Off,1997,92,"John Travolta and Nicolas Cage play cat-and-mouse (and literally play each other) against a beautifully stylized backdrop of typically elegant, over-the-top John Woo violence.",John Woo,"John Travolta, Nicolas Cage, Joan Allen, Alessandro Nivola"
To Live and Die in L.A.,1985,91,"With coke fiends, car chases, and Wang Chung galore, To Live and Die in L.A. is perhaps the ultimate '80s action/thriller.",William Friedkin,"William L. Petersen, Willem Dafoe, John Pankow, Debra Feuer"
The Dark Knight,2008,94,"Dark, complex, and unforgettable, The Dark Knight succeeds not just as an entertaining comic book film, but as a richly thrilling crime saga.",Christopher Nolan,"Christian Bale, Heath Ledger, Aaron Eckhart, Maggie Gyllenhaal"
Mission: Impossible Ghost Protocol,2011,93,"Stylish, fast-paced, and loaded with gripping set pieces, the fourth Mission: Impossible is big-budget popcorn entertainment that really works.",Brad Bird,"Tom Cruise, Jeremy Renner, Simon Pegg, Paula Patton"
Fast Five,2011,77,"Sleek, loud, and over the top, Fast Five proudly embraces its brainless action thrills and injects new life into the franchise.",Justin Lin,"Vin Diesel, Paul Walker, Jordana Brewster, Dwayne Johnson"
Lethal Weapon,1987,80,"The most successful installment in a phenomenally successful series, Lethal Weapon helped redefine action movies for the 1980s and 1990s.",Richard Donner,"Mel Gibson, Danny Glover, Gary Busey, Darlene Love"
The Rock,1996,66,"For visceral thrills, it can't be beat. Just don't expect The Rock to engage your brain.",Michael Bay,"Sean Connery, Nicolas Cage, Ed Harris, Michael Biehn"
RoboCop,1987,89,"While over-the-top and gory, Robocop is also a surprisingly smart sci-fi flick that uses ultraviolence to disguise its satire of American culture.",Paul Verhoeven,"Peter Weller, Nancy Allen, Ronny Cox, Kurtwood Smith"
John Wick: Chapter 2,2017,89,"John Wick: Chapter 2 does what a sequel should -- which in this case means doubling down on the non-stop, thrillingly choreographed action that made its predecessor so much fun.",Chad Stahelski,"Keanu Reeves, John Leguizamo, Bridget Moynahan, Thomas Sadoski"
Casino Royale,2006,95,"Casino Royale disposes of the silliness and gadgetry that plagued recent James Bond outings, and Daniel Craig delivers what fans and critics have been waiting for: a caustic, haunted, intense reinvention of 007.",Martin Campbell,"Daniel Craig, Eva Green, Mads Mikkelsen, Judi Dench"
Baby Driver,2017,93,"Stylish, exciting, and fueled by a killer soundtrack, Baby Driver hits the road and it's gone -- proving fast-paced action movies can be smartly written without sacrificing thrills.",Edgar Wright,"Ansel Elgort, Kevin Spacey, Lily James, Jon Bernthal"
Fist of Legend (Jing wu ying xiong),1994,100,No consensus yet.,Gordon Chan,"Jet Li, Paul Chiang, Yasuaki Kurata, Shinobu Nakayama (II)"
The Killer,1989,98,The Killer is another hard-boiled action flick from John Woo featuring eye-popping balletic violence and philosophical underpinnings.,John Woo,"Yun-Fat Chow, Sally Yeh, Danny Lee, Kenneth Tsang"
The Raid 2,2014,81,"Although its high-energy plot and over-the-top violence may play better with genre aficionados, The Raid 2 definitely delivers more of everything audiences loved about its predecessor.",Gareth Evans,"Iko Uwais, Yahan Ruhian, Arifin Putra, Oka Antara"
Enter the Dragon,1973,94,"Badass to the max, Enter the Dragon is the ultimate kung-fu movie and fitting (if untimely) Bruce Lee swan song.",Robert Clouse,"Bruce Lee, John Saxon, Jim Kelly, Shih Kien"
Commando,1985,71,"The ultimate '80s Schwarzenegger movie, replete with a threadbare plot, outsized action, and endless one-liners.",Mark L. Lester,"Arnold Schwarzenegger, Alyssa Milano, Rae Dawn Chong, Dan Hedaya"
First Blood,1982,85,"Much darker and more sensitive than the sequels it spawned, First Blood is a thrilling survival adventure that takes full advantage of Sylvester Stallone's acting skills.",Ted Kotcheff,"Sylvester Stallone, Richard Crenna, Brian Dennehy, David Caruso"
Mission: Impossible Rogue Nation,2015,93,Mission: Impossible Rogue Nation continues the franchise's thrilling resurgence -- and proves that Tom Cruise remains an action star without equal.,Christopher McQuarrie,"Tom Cruise, Jeremy Renner, Ving Rhames, Simon Pegg"
The Terminator,1984,100,"With its impressive action sequences, taut economic direction, and relentlessly fast pace, it's clear why The Terminator continues to be an influence on sci-fi and action flicks.",James Cameron,"Arnold Schwarzenegger, Linda Hamilton, Michael Biehn, Paul Winfield"
Gladiator,2000,77,Ridley Scott and an excellent cast successfully convey the intensity of Roman gladitorial combat as well as the political intrigue brewing beneath.,Ridley Scott,"Russell Crowe, Joaquin Phoenix, Connie Nielsen, Oliver Reed"
Kill Bill: Volume 1,2003,85,Kill Bill is admittedly little more than a stylish revenge thriller -- albeit one that benefits from a wildly inventive surfeit of style.,Quentin Tarantino,"Uma Thurman, Lucy Liu, Vivica A. Fox, David Carradine"
Léon: The Professional,1994,73,Pivoting on the unusual relationship between seasoned hitman and his 12-year-old apprentice -- a breakout turn by young Natalie Portman -- Luc Besson's Léon is a stylish and oddly affecting thriller.,Luc Besson,"Jean Reno, Gary Oldman, Natalie Portman, Danny Aiello"
Speed,1994,94,"A terrific popcorn thriller, Speed is taut, tense, and energetic, with outstanding performances from Keanu Reeves, Dennis Hopper, and Sandra Bullock.",Jan de Bont,"Keanu Reeves, Dennis Hopper, Sandra Bullock, Joe Morton"
The Legend of Drunken Master (Jui kuen II) (Drunken Fist II),1994,83,Jackie Chan sends up some amazing and entertaining fight sequences in The Legend of Drunken Master.,Lau Kar-Leung,"Jackie Chan, Siu Tin Yuen, Jang Lee Hwang, Kau Lam"
John Wick,2014,86,"Stylish, thrilling, and giddily kinetic, John Wick serves as a satisfying return to action for Keanu Reeves -- and what looks like it could be the first of a franchise.",David Leitch,"Keanu Reeves, Michael Nyqvist, Alfie Allen, Adrianne Palicki"
"Crouching Tiger, Hidden Dragon",2001,97,"The movie that catapulted Ang Lee into the ranks of upper echelon Hollywood filmmakers, Crouching Tiger, Hidden Dragon features a deft mix of amazing martial arts battles, beautiful scenery, and tasteful drama.",Ang Lee,"Yun-Fat Chow, Michelle Yeoh, Ziyi Zhang, Chen Chang"
Predator,1987,81,"Predator: Part sci-fi, part horror, part action -- all muscle.",John McTiernan,"Arnold Schwarzenegger, Carl Weathers, Elpidia Carrillo, Bill Duke"
The Bourne Ultimatum,2007,92,"The Bourne Ultimatum is an intelligent, finely tuned non-stop thrill ride. Another strong performance from Matt Damon and sharp camerawork from Paul Greengrass make this the finest installment of the Bourne trilogy.",Paul Greengrass,"Matt Damon, Julia Stiles, David Strathairn, Scott Glenn"
Total Recall,1990,82,"Under Paul Verhoeven's frenetic direction, Total Recall is a fast-paced rush of violence, gore, and humor that never slacks.",,"Robert Picardo, Chuck Sloan, Dave Nicolson, Anne Lockhart"
Mad Max 2: The Road Warrior,1982,93,"The Road Warrior is everything a bigger-budgeted Mad Max sequel with should be: bigger, faster, louder, but definitely not dumber.",George Miller,"Mel Gibson, Bruce Spence, Vernon Wells, Emil Minty"
Heat,1995,86,"Though Al Pacino and Robert De Niro share but a handful of screen minutes together, Heat is an engrossing crime drama that draws compelling performances from its stars -- and confirms Michael Mann's mastery of the genre.",Michael Mann,"Al Pacino, Robert De Niro, Val Kilmer, Jon Voight"
The Raid: Redemption,2012,86,"No frills and all thrills, The Raid: Redemption is an inventive action film expertly paced and edited for maximum entertainment.",Gareth Evans,"Iko Uwais, Joe Taslim, Doni Alamsyah, Yahan Ruhian"
Mission: Impossible - Fallout,2018,97,"Fast, sleek, and fun, Mission: Impossible - Fallout lives up to the ""impossible"" part of its name by setting yet another high mark for insane set pieces in a franchise full of them.",Christopher McQuarrie,"Tom Cruise, Henry Cavill, Ving Rhames, Simon Pegg"
Raiders of the Lost Ark,1981,95,"Featuring bravura set pieces, sly humor, and white-knuckle action, Raiders of the Lost Ark is one of the most consummately entertaining adventure pictures of all time.",Steven Spielberg,"Harrison Ford, Karen Allen, Paul Freeman, Wolf Kahler"
Aliens,1986,97,"While Alien was a marvel of slow-building, atmospheric tension, Aliens packs a much more visceral punch, and features a typically strong performance from Sigourney Weaver.",James Cameron,"Sigourney Weaver, Carrie Henn, Michael Biehn, Paul Reiser"
Lat sau san taam (Hard-Boiled),1992,94,"Boasting impactful action as well as surprising emotional resonance, Hard Boiled is a powerful thriller that hits hard in more ways than one.",John Woo,"Yun-Fat Chow, Tony Leung Chiu Wai, Anthony Wong, Teresa Mo"
The Matrix,1999,87,"Thanks to the Wachowskis' imaginative vision, The Matrix is a smartly crafted combination of spectacular action and groundbreaking special effects.",Lilly Wachowski,"Keanu Reeves, Laurence Fishburne, Carrie-Anne Moss, Joe Pantoliano"
Terminator 2: Judgment Day,1991,93,"T2 features thrilling action sequences and eye-popping visual effects, but what takes this sci-fi/ action landmark to the next level is the depth of the human (and cyborg) characters.",James Cameron,"Arnold Schwarzenegger, Linda Hamilton, Edward Furlong, Robert Patrick"
Die Hard,1988,93,Its many imitators (and sequels) have never come close to matching the taut thrills of the definitive holiday action classic.,John McTiernan,"Bruce Willis, Alan Rickman, Reginald VelJohnson, Bonnie Bedelia"
Mad Max: Fury Road,2015,97,"With exhilarating action and a surprising amount of narrative heft, Mad Max: Fury Road brings George Miller's post-apocalyptic franchise roaring vigorously back to life.",George Miller,"Tom Hardy, Charlize Theron, Nicholas Hoult, Rosie Huntington-Whiteley"
